{
  "current_location": "Riverwood — The Sleeping Giant Inn",
  "holds": {
    "Haafingar": { "control": "imperial" },
    "Eastmarch": { "control": "stormcloak" },
    "Whiterun": { "control": "neutral" },
    "The Reach": { "control": "neutral" },
    "The Rift": { "control": "neutral" },
    "Hjaalmarch": { "control": "neutral" },
    "Falkreath": { "control": "neutral" },
    "Winterhold": { "control": "neutral" },
    "The Pale": { "control": "neutral" }
  },
  "major_flags": {
    "whiterun_decided": false,
    "proof_of_thalmor_manipulation_found": false,
    "pinewatch_cell_identified": true,
    "stag_seal_fragment_acquired": true,
    "brynjar_freed_in_riverwood": true
  },
  "party": {
    "alignment": "stormcloak",
    "allies": [
      "Brynjar (Stormcloak prisoner freed at Riverwood road)",
      "Ulfric Stormcloak (friend/commander)",
      "Galmar Stone-Fist (friend/commander)",
      "Ralof (friend; Helgen survivor)"
    ],
    "enemies": [
      "Silver Hand (Pinewatch cell)",
      "Harrik 'Chain-Bite' (wounded Silver Hand leader)"
    ]
  }
}
